<?xml version="1.0" encoding="UTF-8"?>
<project-private xmlns="http://www.netbeans.org/ns/project-private/1">
    <editor-bookmarks xmlns="http://www.netbeans.org/ns/editor-bookmarks/2" lastBookmarkId="0"/>
    <open-files xmlns="http://www.netbeans.org/ns/projectui-open-files/2">
        <group>
            <file>file:/C:/Users/Bayan/Desktop/proje/MazeSolverProject/src/MazeSolverProject/MazeApplet.java</file>
            <file>file:/C:/Users/Bayan/Desktop/proje/MazeSolverProject/src/MazeSolverProject/SolverListener.java</file>
            <file>file:/C:/Users/Bayan/Desktop/proje/MazeSolverProject/src/MazeSolverProject/RunMaze.java</file>
            <file>file:/C:/Users/Bayan/Desktop/proje/MazeSolverProject/src/MazeSolverProject/MazeCell.java</file>
            <file>file:/C:/Users/Bayan/Desktop/proje/MazeSolverProject/src/MazeSolverProject/Cell.java</file>
            <file>file:/C:/Users/Bayan/Desktop/proje/MazeSolverProject/src/MazeSolverProject/MazeDisplay.java</file>
            <file>file:/C:/Users/Bayan/Desktop/proje/MazeSolverProject/src/MazeSolverProject/MazeSolver.java</file>
            <file>file:/C:/Users/Bayan/Desktop/proje/MazeSolverProject/src/MazeSolverProject/Mark.java</file>
        </group>
    </open-files>
</project-private>
